﻿<error errorId="fa568ec7-5de9-4dac-90ee-7aad24f91258" host="SEVENDEV" type="System.Web.HttpException" message="File does not exist." source="System.Web" detail="System.Web.HttpException: File does not exist.&#xD;&#xA;   at System.Web.StaticFileHandler.GetFileInfo(String virtualPathWithPathInfo, String physicalPath, HttpResponse response)&#xD;&#xA;   at System.Web.StaticFileHandler.ProcessRequestInternal(HttpContext context)&#xD;&#xA;   at System.Web.DefaultHttpHandler.BeginProcessRequest(HttpContext context, AsyncCallback callback, Object state)&#xD;&#xA;   at System.Web.HttpApplication.CallHandlerExecutionStep.System.Web.HttpApplication.IExecutionStep.Execute()&#xD;&#xA;   at System.Web.HttpApplication.ExecuteStep(IExecutionStep step, Boolean&amp; completedSynchronously)" user="sevendev\Brian" time="2010-10-09T19:17:38.0610365Z" statusCode="404">
  <serverVariables>
    <item name="ALL_HTTP">
      <value string="HTTP_CONNECTION:Keep-Alive&#xD;&#xA;HTTP_ACCEPT:*/*&#xD;&#xA;HTTP_ACCEPT_ENCODING:gzip, deflate&#xD;&#xA;HTTP_HOST:localhost:49165&#xD;&#xA;HTTP_USER_AGENT:Mozilla/4.0 (compatible; MSIE 8.0; Windows NT 6.1; Trident/4.0; SLCC2; .NET CLR 2.0.50727; .NET CLR 3.5.30729; .NET CLR 3.0.30729; Media Center PC 6.0; .NET4.0C; .NET4.0E; InfoPath.3)&#xD;&#xA;" />
    </item>
    <item name="ALL_RAW">
      <value string="Connection: Keep-Alive&#xD;&#xA;Accept: */*&#xD;&#xA;Accept-Encoding: gzip, deflate&#xD;&#xA;Host: localhost:49165&#xD;&#xA;User-Agent: Mozilla/4.0 (compatible; MSIE 8.0; Windows NT 6.1; Trident/4.0; SLCC2; .NET CLR 2.0.50727; .NET CLR 3.5.30729; .NET CLR 3.0.30729; Media Center PC 6.0; .NET4.0C; .NET4.0E; InfoPath.3)&#xD;&#xA;" />
    </item>
    <item name="APPL_MD_PATH">
      <value string="" />
    </item>
    <item name="APPL_PHYSICAL_PATH">
      <value string="C:\Code Camp\Projects\WebExample\ElmahIntegration\" />
    </item>
    <item name="AUTH_TYPE">
      <value string="NTLM" />
    </item>
    <item name="AUTH_USER">
      <value string="sevendev\Brian" />
    </item>
    <item name="AUTH_PASSWORD">
      <value string="" />
    </item>
    <item name="LOGON_USER">
      <value string="sevendev\Brian" />
    </item>
    <item name="REMOTE_USER">
      <value string="sevendev\Brian" />
    </item>
    <item name="CERT_COOKIE">
      <value string="" />
    </item>
    <item name="CERT_FLAGS">
      <value string="" />
    </item>
    <item name="CERT_ISSUER">
      <value string="" />
    </item>
    <item name="CERT_KEYSIZE">
      <value string="" />
    </item>
    <item name="CERT_SECRETKEYSIZE">
      <value string="" />
    </item>
    <item name="CERT_SERIALNUMBER">
      <value string="" />
    </item>
    <item name="CERT_SERVER_ISSUER">
      <value string="" />
    </item>
    <item name="CERT_SERVER_SUBJECT">
      <value string="" />
    </item>
    <item name="CERT_SUBJECT">
      <value string="" />
    </item>
    <item name="CONTENT_LENGTH">
      <value string="0" />
    </item>
    <item name="CONTENT_TYPE">
      <value string="" />
    </item>
    <item name="GATEWAY_INTERFACE">
      <value string="" />
    </item>
    <item name="HTTPS">
      <value string="" />
    </item>
    <item name="HTTPS_KEYSIZE">
      <value string="" />
    </item>
    <item name="HTTPS_SECRETKEYSIZE">
      <value string="" />
    </item>
    <item name="HTTPS_SERVER_ISSUER">
      <value string="" />
    </item>
    <item name="HTTPS_SERVER_SUBJECT">
      <value string="" />
    </item>
    <item name="INSTANCE_ID">
      <value string="" />
    </item>
    <item name="INSTANCE_META_PATH">
      <value string="" />
    </item>
    <item name="LOCAL_ADDR">
      <value string="127.0.0.1" />
    </item>
    <item name="PATH_INFO">
      <value string="/favicon.ico" />
    </item>
    <item name="PATH_TRANSLATED">
      <value string="C:\Code Camp\Projects\WebExample\ElmahIntegration\favicon.ico" />
    </item>
    <item name="QUERY_STRING">
      <value string="" />
    </item>
    <item name="REMOTE_ADDR">
      <value string="127.0.0.1" />
    </item>
    <item name="REMOTE_HOST">
      <value string="127.0.0.1" />
    </item>
    <item name="REMOTE_PORT">
      <value string="" />
    </item>
    <item name="REQUEST_METHOD">
      <value string="GET" />
    </item>
    <item name="SCRIPT_NAME">
      <value string="/favicon.ico" />
    </item>
    <item name="SERVER_NAME">
      <value string="localhost" />
    </item>
    <item name="SERVER_PORT">
      <value string="49165" />
    </item>
    <item name="SERVER_PORT_SECURE">
      <value string="0" />
    </item>
    <item name="SERVER_PROTOCOL">
      <value string="HTTP/1.1" />
    </item>
    <item name="SERVER_SOFTWARE">
      <value string="" />
    </item>
    <item name="URL">
      <value string="/favicon.ico" />
    </item>
    <item name="HTTP_CONNECTION">
      <value string="Keep-Alive" />
    </item>
    <item name="HTTP_ACCEPT">
      <value string="*/*" />
    </item>
    <item name="HTTP_ACCEPT_ENCODING">
      <value string="gzip, deflate" />
    </item>
    <item name="HTTP_HOST">
      <value string="localhost:49165" />
    </item>
    <item name="HTTP_USER_AGENT">
      <value string="Mozilla/4.0 (compatible; MSIE 8.0; Windows NT 6.1; Trident/4.0; SLCC2; .NET CLR 2.0.50727; .NET CLR 3.5.30729; .NET CLR 3.0.30729; Media Center PC 6.0; .NET4.0C; .NET4.0E; InfoPath.3)" />
    </item>
  </serverVariables>
</error>